BEGIN;

-- Вставка данных в таблицу Parkovki
INSERT INTO "Parkovki"."Parkovki" (id, "Zone_Number", "Number_of_seats", "Cost", "Invalide") VALUES
(1, 0304, 8, ARRAY['380'], FALSE),
(2, 0303, 8, ARRAY['380'], TRUE),
(3, 0305, 8, ARRAY['380'], TRUE),
(4, 0306, 8, ARRAY['380'], TRUE),
(5, 4021, 10, ARRAY['40'], FALSE),
(6, 4026, 10, ARRAY['40'], TRUE),
(7, 4022, 10, ARRAY['40'], TRUE),
(8, 4023, 10, ARRAY['40'], TRUE),
(9, 2001, 12, ARRAY['80'], FALSE),
(10, 2022, 12, ARRAY['80'], TRUE),
(11, 2025, 12, ARRAY['80'], TRUE),
(12, 2023, 12, ARRAY['80'], TRUE),
(13, 5055, 10, ARRAY['40'], FALSE),
(14, 5054, 10, ARRAY['40'], TRUE),
(15, 5051, 10, ARRAY['40'], TRUE),
(16, 5050, 10, ARRAY['40'], TRUE),
(17, 6080, 8, ARRAY['150'], FALSE),
(18, 6088, 8, ARRAY['150'], TRUE),
(19, 6089, 8, ARRAY['150'], TRUE),
(20, 6083, 8, ARRAY['150'], TRUE);

-- Вставка данных в таблицу Session
INSERT INTO "Parkovki"."Session" (id, "Phone_Number", "Car", "Date_time", "Zone_Number", id_parkovki) VALUES
(1, ARRAY['79534568989'], ARRAY['H943PO777'], TIMESTAMP'2024-11-13 15:44:00', 0304, 1),
(2, ARRAY['79534568989'], ARRAY['H943PO777'], TIMESTAMP'2024-12-13 10:45:00', 0303, 2),
(3, ARRAY['79102343414'], ARRAY['В917КХ777'], TIMESTAMP'2024-12-15 11:00:07', 5050, 3),
(4, ARRAY['79102343414'], ARRAY['В917КХ777'], TIMESTAMP'2024-12-15 11:45:09', 5050, 4),
(5, ARRAY['79204563434'], ARRAY['B504BO977'], TIMESTAMP'2024-12-15 12:45:00', 0304, 5),
(6, ARRAY['79204563434'], ARRAY['B504BO977'], TIMESTAMP'2024-12-01 13:45:55', 6080, 6),
(7, ARRAY['79157888075'], ARRAY['А024ХУ90'], TIMESTAMP'2024-12-01 14:45:08', 6080, 7),
(8, ARRAY['79157888075'], ARRAY['А024ХУ90'], TIMESTAMP'2024-12-19 15:45:44', 4023, 8),
(9, ARRAY['79204567382'], ARRAY['Y224XH799'], TIMESTAMP'2024-12-20 16:45:33', 4023, 9),
(10, ARRAY['79204567382'], ARRAY['Y224XH799'], TIMESTAMP'2024-12-19 17:45:23', 4022, 10),
(11, ARRAY['79999999999'], ARRAY['A855CB763'], TIMESTAMP'2024-12-14 18:45:00', 4022, 11),
(12, ARRAY['79999999999'], ARRAY['A855CB763'], TIMESTAMP'2024-12-14 19:45:00', 2022, 12),
(13, ARRAY['79534568989'], ARRAY['H943PO777'], TIMESTAMP'2024-12-15 21:45:00', 2022, 13),
(14, ARRAY['79534568989'], ARRAY['H943PO777'], TIMESTAMP'2024-12-15 00:45:01', 5054, 14),
(15, ARRAY['79534568989'], ARRAY['H943PO777'], TIMESTAMP'2024-12-16 09:45:09', 5054, 15),
(16, ARRAY['79534568989'], ARRAY['H943PO777'], TIMESTAMP'2024-12-16 08:45:59', 5051, 16),
(17, ARRAY['79534568989'], ARRAY['H943PO777'], TIMESTAMP'2024-12-17 07:45:12', 5051, 17),
(18, ARRAY['79534568989'], ARRAY['H943PO777'], TIMESTAMP'2024-12-17 01:45:44', 6080, 18),
(19, ARRAY['79534568989'], ARRAY['H943PO777'], TIMESTAMP'2024-12-10 04:45:12', 6080, 19),
(20, ARRAY['79534568989'], ARRAY['H943PO777'], TIMESTAMP'2024-12-10 23:45:11', 6080, 20);
-- Вставка данных в таблицу Bagration
INSERT INTO "Parkovki"."Bagration" (id, "UIN", "Car", "Status", "Date") VALUES
(1, 1004018040, ARRAY['H943PO777'], TRUE, ARRAY['28.09.2023']),
(2, 1099545968, ARRAY['H943PO777'], FALSE, ARRAY['23.09.2023']),
(3, 1004013396, ARRAY['Y316MX777'], FALSE, ARRAY['21.12.2023']),
(4, 1004062545, ARRAY['Y316MX777'], FALSE, ARRAY['04.10.2023']),
(5, 1004062041, ARRAY['A855CB763'], FALSE, ARRAY['11.12.2023']),
(6, 1004842839, ARRAY['A855CB763'], FALSE, ARRAY['16.12.2023']),
(7, 1004717771, ARRAY['M070PX193'], FALSE, ARRAY['09.10.2023']),
(8, 1004879139, ARRAY['M070PX193'], TRUE, ARRAY['16.09.2023']),
(9, 1004089989, ARRAY['M777MM777'], FALSE, ARRAY['03.12.2023']),
(10, 1004037053, ARRAY['M777MM777'], FALSE, ARRAY['08.11.2023']),
(11, 1004084499, ARRAY['T698KO797'], FALSE, ARRAY['25.11.2023']),
(12, 1004754883, ARRAY['T698KO797'], FALSE, ARRAY['27.09.2023']),
(13, 1004034296, ARRAY['C144EY799'], TRUE, ARRAY['12.12.2023']),
(14, 1004062591, ARRAY['C144EY799'], TRUE, ARRAY['22.12.2023']),
(15, 1004060392, ARRAY['K206KT750'], FALSE, ARRAY['03.01.2024']),
(16, 1004062529, ARRAY['K206KT750'], FALSE, ARRAY['08.12.2023']),
(17, 1004021835, ARRAY['P354OY790'], FALSE, ARRAY['21.10.2023']),
(18, 1004062555, ARRAY['P354OY790'], FALSE, ARRAY['05.12.2023']),
(19, 1004062854, ARRAY['B917KX777'], FALSE, ARRAY['07.10.2023']),
(20, 1004062525, ARRAY['B917KX777'], FALSE, ARRAY['27.12.2023']);

-- Вставка данных в таблицу Benefits
INSERT INTO "Parkovki"."Benefits" (id, "District", "Number", "Validity_Period") VALUES
(1, ARRAY['Басманный район'], ARRAY['0155451-2024_25'], ARRAY['12.09.2025']),
(2, ARRAY['Войковский район'], ARRAY['0156451-2024_25'], ARRAY['22.09.2025']),
(3, ARRAY['Таганский район'], ARRAY['0155461-2024_25'], ARRAY['12.10.2025']),
(4, ARRAY['Басманный район'], ARRAY['0155456-2024_25'], ARRAY['24.10.2025']),
(5, ARRAY['Таганский район'], ARRAY['0155466-2024_25'], ARRAY['12.11.2025']),
(6, ARRAY['Нижегородский район'], ARRAY['0175451-2024_25'], ARRAY['30.09.2025']),
(7, ARRAY['Басманный район'], ARRAY['0155432-2024_25'], ARRAY['31.10.2025']),
(8, ARRAY['Нижегородский район'], ARRAY['0166451-2024_25'], ARRAY['17.11.2025']),
(9, ARRAY['Войковский район'], ARRAY['0156751-2024_25'], ARRAY['08.08.2025']),
(10, ARRAY['Басманный район'], ARRAY['0177451-2024_25'], ARRAY['11.11.2025']),
(11, ARRAY['Тверской район'], ARRAY['0165451-2024_25'], ARRAY['12.08.2025']),
(12, ARRAY['Войковский район'], ARRAY['0165456-2024_25'], ARRAY['01.11.2025']),
(13, ARRAY['Нижегородский район'], ARRAY['0150451-2024_25'], ARRAY['12.06.2025']),
(14, ARRAY['Войковский район'], ARRAY['0155400-2024_25'], ARRAY['09.12.2025']),
(15, ARRAY['Тверской район'], ARRAY['0155841-2024_25'], ARRAY['09.09.2025']),
(16, ARRAY['Нижегородский район'], ARRAY['0162251-2024_25'], ARRAY['09.10.2025']),
(17, ARRAY['Тверской район'], ARRAY['0154511-2024_25'], ARRAY['01.10.2025']),
(18, ARRAY['Таганский район'], ARRAY['0151111-2024_25'], ARRAY['16.10.2025']),
(19, ARRAY['Тверской район'], ARRAY['0175001-2024_25'], ARRAY['25.09.2025']),
(20, ARRAY['Таганский район'], ARRAY['0158851-2024_25'], ARRAY['01.09.2025']);

-- Вставка данных в таблицу Fine
INSERT INTO "Parkovki"."Fine" (id, "UIN", "STS", "Date_Time", "Status", "Sum") VALUES
(1, 1355435514, 3, ARRAY['2024-02-11 10:01'], FALSE, 5000),
(2, 1355431014, 4, ARRAY['2025-03-01 11:10'], TRUE, 5000),
(3, 1355888044, 3, ARRAY['2023-04-21 12:45'], FALSE, 3000),
(4, 1355432010, 3, ARRAY['2024-04-01 13:33'], FALSE, 5000),
(5, 1355438010, 4, ARRAY['2023-05-30 14:00'], FALSE, 3000),
(6, 1355676010, 4, ARRAY['2025-05-24 15:01'], FALSE, 3000),
(7, 1355412010, 5, ARRAY['2024-01-02 16:59'], TRUE, 5000),
(8, 1355482014, 5, ARRAY['2023-01-17 01:02'], TRUE, 3000),
(9, 1355431710, 5, ARRAY['2025-06-04 17:05'], TRUE, 5000),
(10, 135543101, 3, ARRAY['2024-06-25 20:20'], FALSE, 5000),
(11, 135547801, 1, ARRAY['2025-07-22 00:13'], FALSE, 5000),
(12, 135543704, 1, ARRAY['2023-07-13 22:45'], FALSE, 3000),
(13, 135543778, 1, ARRAY['2024-08-18 09:27'], TRUE, 5000),
(14, 135543201, 1, ARRAY['2023-08-08 08:38'], FALSE, 3000),
(15, 135547200, 2, ARRAY['2023-09-07 07:09'], FALSE, 3000),
(16, 135547804, 2, ARRAY['2024-09-12 07:01'], FALSE, 3000),
(17, 135543101, 2, ARRAY['2023-10-23 06:11'], FALSE, 5000),
(18, 135543861, 2, ARRAY['2023-10-27 14:14'], FALSE, 5000),
(19, 135543244, 2, ARRAY['2024-11-04 11:04'], FALSE, 3000),
(20, 135543174, 3, ARRAY['2023-11-01 10:36'], FALSE, 5000);

-- Вставка данных в таблицу MCD
INSERT INTO "Parkovki"."MCD" (id, "Status", "UIN", "Date") VALUES
(1, TRUE, 1004062521, ARRAY['2023-03-01']),
(2, TRUE, 1004000105, ARRAY['28.09.2023']),
(3, FALSE, 1004062575, ARRAY['23.09.2023']),
(4, FALSE, 1000202010, ARRAY['21.12.2023']),
(5, FALSE, 1004063010, ARRAY['04.10.2023']),
(6, FALSE, 1004064010, ARRAY['11.12.2023']),
(7, FALSE, 1004068010, ARRAY['16.12.2023']),
(8, FALSE, 1004006015, ARRAY['09.10.2023']),
(9, TRUE, 1004067010, ARRAY['16.09.2023']),
(10, FALSE, 100408011, ARRAY['03.12.2023']),
(11, FALSE, 100209010, ARRAY['08.11.2023']),
(12, FALSE, 100210010, ARRAY['25.11.2023']),
(13, TRUE, 100421101, ARRAY['12.12.2023']),
(14, TRUE, 100401205, ARRAY['22.12.2023']),
(15, FALSE, 100213017, ARRAY['03.01.2024']),
(16, FALSE, 100214010, ARRAY['08.12.2023']),
(17, FALSE, 100876016, ARRAY['21.10.2023']),
(18, FALSE, 100406018, ARRAY['05.12.2023']),
(19, FALSE, 100417010, ARRAY['07.10.2023']),
(20, FALSE, 100218012, ARRAY['27.12.2023']);



-- Вставка данных в таблицу TollRoads
INSERT INTO "Parkovki"."TollRoads" (id, "idMCD", "idBagration", "id_MCD", "id_Bagration") VALUES
(1, 1, 1, 1, 1),
(2, 2, 2, 2, 2),
(3, 3, 3, 3, 3),
(4, 4, 4, 4, 4),
(5, 5, 5, 5, 5),
(6, 6, 6, 6, 6),
(7, 7, 7, 7, 7),
(8, 8, 8, 8, 8),
(9, 9, 9, 9, 9),
(10, 10, 10, 10, 10),
(11, 11, 11, 11, 11),
(12, 12, 12, 12, 12),
(13, 13, 13, 13, 13),
(14, 14, 14, 14, 14),
(15, 15, 15, 15, 15),
(16, 16, 16, 16, 16),
(17, 17, 17, 17, 17),
(18, 18, 18, 18, 18),
(19, 19, 19, 19, 19),
(20, 20, 20, 20, 20);

-- Вставка данных в таблицу TroikaCard
INSERT INTO "Parkovki"."TroikaCard" (id, "Balance", "Number", "Validity_Period") VALUES
(1, 0, 100001, '2025-01-01'),
(2, 2000, 100002, '2026-01-01'),
(3, 3000, 100003, '2027-01-01'),
(4, 4000, 100004, '2028-01-01'),
(5, 5000, 100005, '2029-01-01'),
(6, 1500, 100006, '2025-02-01'),
(7, 100, 100007, '2025-03-01'),
(8, 0, 100008, '2025-04-01'),
(9, 155, 100009, '2025-05-01'),
(10, 70, 100010, '2025-06-01'),
(11, 10000, 100011, '2025-07-01'),
(12, 500, 100012, '2025-08-01'),
(13, 0, 100013, '2025-09-01'),
(14, 100, 100014, '2025-10-01'),
(15, 400, 100015, '2025-11-01'),
(16, 0, 100016, '2025-12-01'),
(17, 11, 100017, '2026-01-01'),
(18, 20, 100018, '2026-02-01'),
(19, 33, 100019, '2026-04-01'),
(20, 50, 100020, '2026-03-01');

-- Вставка данных в таблицу User
INSERT INTO "Parkovki"."User" ("id_user", "Name", "Phone_Number", "Car", "Email", "STS", id_parkovki, id_benefits, id_fine, id_troika, id_tollroads, id_session) VALUES
(1, ARRAY['Аверьянов Александр'], ARRAY['79534568989'], ARRAY['H943PO777'], ARRAY['aaverianov@mail.com'], 1, 1, 1, 1, 1, 1, 1),
(2, ARRAY['Аристов Никита'], ARRAY['79102343414'], ARRAY['В917КХ777'], ARRAY['naristov@mail.com'], 2, 2, 2, 2, 2, 2, 2),
(3, ARRAY['Айгинин Александр'], ARRAY['79204563434'], ARRAY['B504BO977'], ARRAY['aaiginin@mail.com'], 3, 3, 3, 3, 3, 3, 3),
(4, ARRAY['Белова Софья'], ARRAY['79157888075'], ARRAY['А024ХУ90'], ARRAY['sbelova@mail.com'], 4, 4, 4, 4, 4, 4, 4),
(5, ARRAY['Горячкин Михаил'], ARRAY['79204567382'], ARRAY['Y224XH799'], ARRAY['mgorachkin@mail.com'], 5, 5, 5, 5, 5, 5, 5),
(6, ARRAY['Иванов Дмитрий'], ARRAY['79999999999'], ARRAY['A855CB763'], ARRAY['divanov@mail.com'], 6, 6, 6, 6, 6, 6, 6),
(7, ARRAY['Кандыбин Максим'], ARRAY['79152340017'], ARRAY['Н200АК190'], ARRAY['mkandibin@mail.com'], 7, 7, 7, 7, 7, 7, 7),
(8, ARRAY['Коробов Максим'], ARRAY['79105804444'], ARRAY['P354OY790'], ARRAY['mkorobov@mail.com'], 8, 8, 8, 8, 8, 8, 8),
(9, ARRAY['Клименко Алексей'], ARRAY['79808080101'], ARRAY['M070PX193'], ARRAY['aklimenko@mail.com'], 9, 9, 9, 9, 9, 9, 9),
(10, ARRAY['Машковцев Никита'], ARRAY['79107702020'], ARRAY['С285КН777'], ARRAY['nmashkovcev@mail.com'], 10, 10, 10, 10, 10, 10, 10),
(11, ARRAY['Панкова Анна'], ARRAY['79539532846'], ARRAY['T698KO797'], ARRAY['apankova@mail.com'], 11, 11, 11, 11, 11, 11, 11),
(12, ARRAY['Сергеев Георгий'], ARRAY['79998887766'], ARRAY['Н624ЕВ797'], ARRAY['gsergeev@mail.com'], 12, 12, 12, 12, 12, 12, 12),
(13, ARRAY['Тадевосян Мелис'], ARRAY['79159151515'], ARRAY['К206КТ750'], ARRAY['mtadevosyan@mail.com'], 13, 13, 13, 13, 13, 13, 13),
(14, ARRAY['Хаева Виктория'], ARRAY['79539535353'], ARRAY['У316МХ777'], ARRAY['vhaeva@mail.com'], 14, 14, 14, 14, 14, 14, 14),
(15, ARRAY['Хакимова Александра'], ARRAY['79209202020'], ARRAY['K085XP198'], ARRAY['ahakimova@mail.com'], 15, 15, 15, 15, 15, 15, 15),
(16, ARRAY['Хижняков Даниил'], ARRAY['79109101010'], ARRAY['У294НС777'], ARRAY['dhignyakov@mail.com'], 16, 16, 16, 16, 16, 16, 16),
(17, ARRAY['Чорный Данил'], ARRAY['79204450000'], ARRAY['Н277ОР797'], ARRAY['dchorni@mail.com'], 17, 17, 17, 17, 17, 17, 17),
(18, ARRAY['Чудайкин Владимир'], ARRAY['79105674545'], ARRAY['Н564ХТ750'], ARRAY['vchydaikins@mail.com'], 18, 18, 18, 18, 18, 18, 18),
(19, ARRAY['Шанаурина Анна'], ARRAY['79156784536'], ARRAY['C144EY799'], ARRAY['ashanaurina@mail.com'], 19, 19, 19, 19, 19, 19, 19),
(20, ARRAY['Кузнецова Светлана'], ARRAY['79005553555'], ARRAY['M777MM777'], ARRAY['svet777@mail.com'], 20, 20, 20, 20, 20, 20, 20);

-- Вставка данных в таблицу Benefits_Parkovki
INSERT INTO "Parkovki"."Benefits_Parkovki" ("Benefits_id", "Parkovki_id") VALUES
(1, 1),
(2, 2),
(3, 3),
(4, 4),
(5, 5),
(6, 6),
(7, 7),
(8, 8),
(9, 9),
(10, 10),
(11, 11),
(12, 12),
(13, 13),
(14, 14),
(15, 15),
(16, 16),
(17, 17),
(18, 18),
(19, 19),
(20, 20);

COMMIT;




